{
    "allowClient": false,
    "conditionSwitch": 1,
    "updateMode": false,
    "commands": [
        [
            160005,
            {
                "144374622694_0.977215689550458": 17,
                "144379578825_0.04727436941091323": 100
            },
            "210393252337_0.46463142158189563"
        ],
        [
            -1,
            {
                "___cmdID": "210393234826_0.7316737943861351"
            }
        ]
    ],
    "id": 1
}