{
    "allowClient": false,
    "conditionSwitch": 1,
    "updateMode": false,
    "commands": [
        [
            20007,
            {
                "43051758089_0.8517857177889556": true,
                "43051758272_0.979879749702349": true,
                "43051823895_0.3521426531944132": 1.5,
                "43051863458_0.9640562669471746": 1.5,
                "43051900008_0.025005284802844585": 0,
                "43051938318_0.39508807132253976": 0,
                "43052004295_0.8231250546635629": 0,
                "43052012740_0.35968828444562195": 0,
                "93920303250_0.624955094340456": "",
                "93920378108_0.5263499294896914": false,
                "93924455264_0.18318846436164282": 30
            },
            "210480524079_0.6490295860301798"
        ],
        [
            -1,
            {
                "___cmdID": "210393234826_0.7316737943861351"
            }
        ]
    ],
    "id": 1
}