{
    "allowClient": false,
    "conditionSwitch": 1,
    "updateMode": false,
    "commands": [
        [
            20007,
            {
                "43051758089_0.8517857177889556": true,
                "43051758272_0.979879749702349": true,
                "43051823895_0.3521426531944132": 1.5,
                "43051863458_0.9640562669471746": 1.5,
                "43051900008_0.025005284802844585": 0,
                "43051938318_0.39508807132253976": 0,
                "43052004295_0.8231250546635629": 0,
                "43052012740_0.35968828444562195": 0,
                "93920303250_0.624955094340456": "",
                "93920378108_0.5263499294896914": false,
                "93924455264_0.18318846436164282": 30
            },
            "210480524079_0.6490295860301798"
        ],
        [
            18,
            "=====下面是一些字符串相关的=====\n主要是UI调用的，或者选项调用的\n未来本地化也都是写在这里",
            {
                "___cmdID": "210729902772_0.5681179766112443"
            }
        ],
        [
            13,
            5,
            14001,
            0,
            0,
            "？？？？",
            1,
            1,
            [
                0,
                100
            ],
            0,
            -1,
            [],
            0,
            0,
            0,
            null,
            null,
            null,
            0,
            0,
            0,
            1,
            1,
            1,
            0,
            {
                "___cmdID": "210730072671_0.3752490721236057"
            }
        ],
        [
            18,
            "=====中文本地化=====",
            {
                "___cmdID": "210730101014_0.43754262974919134"
            }
        ],
        [
            0,
            0,
            2,
            [
                0,
                1,
                1012,
                0
            ],
            0,
            0,
            [
                0,
                1,
                1,
                0
            ],
            0,
            [
                1,
                1,
                [
                    0,
                    0,
                    1,
                    1
                ]
            ],
            0,
            0,
            [
                1,
                1
            ],
            "",
            "",
            false,
            null,
            null,
            null,
            null,
            null,
            null,
            0,
            0,
            [
                0,
                {},
                ""
            ],
            [
                0,
                {},
                ""
            ],
            {
                "___cmdID": "210730909911_0.9927065632463992"
            }
        ],
        [
            13,
            5,
            14012,
            0,
            0,
            "复古动画歌曲",
            1,
            1,
            [
                0,
                100
            ],
            0,
            -1,
            [],
            0,
            0,
            0,
            null,
            null,
            null,
            0,
            0,
            0,
            1,
            1,
            1,
            0,
            {
                "___cmdID": "210730952526_0.701867585270761"
            }
        ],
        [
            13,
            5,
            14013,
            0,
            0,
            "大学学生卡",
            1,
            1,
            [
                0,
                100
            ],
            0,
            -1,
            [],
            0,
            0,
            0,
            null,
            null,
            null,
            0,
            0,
            0,
            1,
            1,
            1,
            0,
            {
                "___cmdID": "210807148043_0.21584163178279536"
            }
        ],
        [
            13,
            5,
            14015,
            0,
            0,
            "甜味鸡尾酒",
            1,
            1,
            [
                0,
                100
            ],
            0,
            -1,
            [],
            0,
            0,
            0,
            null,
            null,
            null,
            0,
            0,
            0,
            1,
            1,
            1,
            0,
            {
                "___cmdID": "210730952526_0.014737961279888578"
            }
        ],
        [
            -1,
            {
                "___cmdID": "210730949786_0.6249536170790928"
            }
        ],
        [
            2,
            {
                "___cmdID": "210730949782_0.4019039313737749"
            }
        ],
        [
            -1,
            {
                "___cmdID": "210393234826_0.7316737943861351"
            }
        ]
    ],
    "id": 1
}