{
    "allowClient": false,
    "conditionSwitch": 1,
    "updateMode": false,
    "commands": [
        [
            13,
            3,
            6,
            1,
            0,
            1,
            1,
            1,
            [
                0,
                100
            ],
            0,
            -1,
            [],
            0,
            0,
            0,
            null,
            null,
            null,
            0,
            0,
            0,
            1,
            1,
            1,
            0,
            {
                "___cmdID": "210715214961_0.5683849897698037"
            }
        ],
        [
            0,
            0,
            2,
            [
                0,
                1,
                5,
                0
            ],
            0,
            0,
            [
                5,
                1,
                1,
                0
            ],
            0,
            [
                1,
                1,
                [
                    0,
                    0,
                    1,
                    1
                ]
            ],
            0,
            0,
            [
                1,
                1
            ],
            "",
            "",
            false,
            null,
            null,
            null,
            null,
            null,
            null,
            0,
            0,
            [
                0,
                {},
                ""
            ],
            [
                0,
                {},
                ""
            ],
            {
                "___cmdID": "210699971694_0.48318256058872167"
            }
        ],
        [
            11,
            1,
            null,
            "",
            3,
            -3,
            "<span style='color:#FfFffF'>全部收拾好了。</span>",
            null,
            1,
            0,
            null,
            {
                "id": 1,
                "atts": [],
                "time": 60,
                "transitionMode": null,
                "nonTweenType": 0,
                "mode": 0
            },
            {
                "___cmdID": "210700017846_0.5004359378102763"
            }
        ],
        [
            13,
            3,
            3,
            0,
            0,
            5,
            1,
            1,
            [
                0,
                100
            ],
            0,
            -1,
            [],
            0,
            0,
            0,
            null,
            null,
            null,
            0,
            0,
            0,
            1,
            1,
            1,
            0,
            {
                "___cmdID": "210700039137_0.9454442992406547"
            }
        ],
        [
            -1,
            {
                "___cmdID": "210700009148_0.6929451037698575"
            }
        ],
        [
            2,
            {
                "___cmdID": "210700009147_0.6659850350246574"
            }
        ],
        [
            -1,
            {
                "___cmdID": "210699826208_0.6873132484029114"
            }
        ]
    ],
    "id": 10
}