{
    "allowClient": false,
    "conditionSwitch": 1,
    "updateMode": false,
    "commands": [
        [
            18,
            "//------------------------------------------------------------------------------------------------------\n// 战斗奖励获得时执行的事件\n//------------------------------------------------------------------------------------------------------",
            {
                "___cmdID": "86769119906_0.9890521200113083"
            }
        ],
        [
            60002,
            {
                "74577096874_0.3591907761287778": 1,
                "74578604912_0.9929207213758935": 1,
                "74581030939_0.06336316010566301": false
            },
            "111339108322_0.12419595034688746"
        ],
        [
            20,
            "胜利音效",
            "// 当前的事件触发器：trigger: CommandTrigger;\nGameAudio.playSE(WorldData.battleWin);",
            "GameAudio.playSE(WorldData.battleWin);\n",
            {
                "___cmdID": "111339394961_0.6048872514427162"
            }
        ],
        [
            40010,
            {
                "49809728719_0.046619702255007": 0,
                "24538808102_0.9970934946254328": 1,
                "49612012650_0.7509974095572418": 1,
                "24538808435_0.6230939565765392": 27,
                "49518385245_0.9308839798952664": 1,
                "50689082740_0.526404642451832": false,
                "49141521249_0.2965750598394892": 0,
                "49519573910_0.08853124862540018": 1,
                "49141521416_0.0884961804795068": 0,
                "49519590084_0.3058131165318816": 1,
                "49150249927_0.6881795527970145": 100,
                "49519636189_0.2521948025226537": 1,
                "49232462793_0.7622411974016037": 1,
                "49520636693_0.8404154506260593": 1,
                "49232464582_0.12430969584603324": 1,
                "49520744730_0.6026838995761481": 1,
                "49232999716_0.2133484967243402": 0,
                "49520812848_0.5734967173507821": 1,
                "49234813142_0.3142568229981375": 1,
                "49520873912_0.5927053372462527": 1,
                "49599648354_0.3738368266485066": false,
                "49518248081_0.4367396293869368": false,
                "49599660535_0.0823572381286597": 1,
                "49518318443_0.5988810162565685": false,
                "49519399740_0.07229930251623617": false,
                "49519436070_0.9418611019894294": false,
                "49519475735_0.9428268094401824": false,
                "49519529748_0.519982170810438": false,
                "49520771123_0.27311479097864666": false,
                "49611947752_0.41521729946538755": false
            },
            "86702214137_0.7908372058319575"
        ],
        [
            40020,
            {
                "60260058475_0.7554716589580281": 0,
                "24538808435_0.6230939565765392": 27,
                "49518385245_0.9308839798952664": 1
            },
            "107531237139_0.2983482545233218"
        ],
        [
            -1,
            {
                "___cmdID": "86702200082_0.8833137849166617"
            }
        ]
    ],
    "id": 14022
}