{
    "allowClient": false,
    "conditionSwitch": 1,
    "updateMode": false,
    "commands": [
        [
            18,
            "//------------------------------------------------------------------------------------------------------\n// 满足胜负条件后执行的事件\n//------------------------------------------------------------------------------------------------------",
            {
                "___cmdID": "86769106289_0.7844295221023878"
            }
        ],
        [
            0,
            10,
            0,
            [
                0,
                1,
                1,
                0
            ],
            0,
            0,
            [
                0,
                1,
                1,
                0
            ],
            0,
            [
                1,
                1,
                [
                    0,
                    0,
                    null,
                    1
                ]
            ],
            0,
            0,
            [
                1,
                1
            ],
            "",
            "",
            true,
            null,
            [
                10,
                {
                    "type": 3
                },
                [
                    {
                        "53650946851_0.7193045963820268": 3
                    }
                ]
            ],
            null,
            null,
            null,
            null,
            0,
            0,
            [
                0,
                {},
                ""
            ],
            [
                0,
                {},
                ""
            ],
            {
                "___cmdID": "86702199041_0.13277742361306832"
            }
        ],
        [
            16,
            15013,
            false,
            {
                "___cmdID": "86702199041_0.4386545577860341"
            }
        ],
        [
            60002,
            {
                "74577096874_0.3591907761287778": 0,
                "74578604912_0.9929207213758935": 1,
                "74581030939_0.06336316010566301": false
            },
            "111383436720_0.9353494825152695"
        ],
        [
            60005,
            {
                "74577032484_0.13493609495640202": "asset/audio/se/battle/Lose_3.ogg,1,1",
                "74578579319_0.15291120828407134": 1,
                "91116691228_0.19588751423957396": 1,
                "91116362027_0.0524615397494288": false,
                "74587606222_0.5579985331498136": false,
                "74587987674_0.5977703161602927": false
            },
            "111383056135_0.6157522874325811"
        ],
        [
            40014,
            {
                "49825113823_0.7745949272019663": 2,
                "49897660694_0.39897478951731946": false,
                "49897660694_0.6399331644068169": 1,
                "49897660694_0.0946225960666689": 1,
                "49897706791_0.8101580703633997": false,
                "49897693777_0.31957312098050794": 21,
                "49897693777_0.39600212789547196": 1,
                "49904671869_0.1506235712026469": [
                    {
                        "materials": [
                            {
                                "id": 1,
                                "r": 0,
                                "g": 0,
                                "b": 0,
                                "gray": 1,
                                "mr": 1,
                                "mg": 1,
                                "mb": 1,
                                "useTime": true,
                                "time": "{\"transType\":0,\"loopType\":0,\"timeType\":1,\"timeUnit\":1,\"totalTime\":120,\"tweenType\":0,\"tweenTypeName\":\"linearNone\",\"curveData\":[[0,0,0,99,1,1,1,3],[0,100,100]],\"refreshInterval\":16}",
                                "enable": true
                            }
                        ]
                    }
                ]
            },
            "86702199041_0.7578568304449016"
        ],
        [
            17,
            120,
            0,
            false,
            0,
            {
                "___cmdID": "86702199041_0.08522116891636733"
            }
        ],
        [
            40010,
            {
                "49809728719_0.046619702255007": 0,
                "24538808102_0.9970934946254328": 1,
                "49612012650_0.7509974095572418": 1,
                "24538808435_0.6230939565765392": 10,
                "49518385245_0.9308839798952664": 1,
                "50689082740_0.526404642451832": true,
                "49141521249_0.2965750598394892": 0,
                "49519573910_0.08853124862540018": 1,
                "49141521416_0.0884961804795068": 0,
                "49519590084_0.3058131165318816": 1,
                "49150249927_0.6881795527970145": 100,
                "49519636189_0.2521948025226537": 1,
                "49232462793_0.7622411974016037": 1,
                "49520636693_0.8404154506260593": 1,
                "49232464582_0.12430969584603324": 1,
                "49520744730_0.6026838995761481": 1,
                "49232999716_0.2133484967243402": 0,
                "49520812848_0.5734967173507821": 1,
                "49234813142_0.3142568229981375": 0,
                "49520873912_0.5927053372462527": 1,
                "49599648354_0.3738368266485066": false,
                "49518248081_0.4367396293869368": false,
                "49599660535_0.0823572381286597": 1,
                "49518318443_0.5988810162565685": false,
                "49519399740_0.07229930251623617": false,
                "49519436070_0.9418611019894294": false,
                "49519475735_0.9428268094401824": false,
                "49519529748_0.519982170810438": false,
                "49520771123_0.27311479097864666": false,
                "49611947752_0.41521729946538755": false
            },
            "86702199041_0.0359528722325142"
        ],
        [
            40011,
            {
                "49816072304_0.03131954665076897": 0,
                "24538808102_0.9970934946254328": 1,
                "49612329479_0.7433565589142674": 1,
                "49819012242_0.02527395671440269": 10,
                "49819012242_0.4964322333365434": 1,
                "49541474395_0.999063634948089": 1,
                "49541474395_0.4302897217422976": 240,
                "49541474396_0.5364167299087121": "{\"transType\":0,\"loopType\":0,\"timeType\":0,\"timeUnit\":1,\"totalTime\":2,\"tweenType\":2,\"tweenTypeName\":\"bounceOut\",\"curveData\":[[0,0,0,99,1,1,1,3],[0,100,100]],\"refreshInterval\":16}",
                "49141521249_0.2965750598394892": 0,
                "49519573910_0.08853124862540018": 1,
                "49141521416_0.0884961804795068": 0,
                "49519590084_0.3058131165318816": 1,
                "49150249927_0.6881795527970145": 100,
                "49519636189_0.2521948025226537": 1,
                "49232462793_0.7622411974016037": 1,
                "49520636693_0.8404154506260593": 1,
                "49232464582_0.12430969584603324": 1,
                "49520744730_0.6026838995761481": 1,
                "49232999716_0.2133484967243402": 0,
                "49520812848_0.5734967173507821": 1,
                "49234813142_0.3142568229981375": 1,
                "49520873912_0.5927053372462527": 1,
                "49594771755_0.963684096315716": false,
                "49518248081_0.4367396293869368": false,
                "49595153167_0.8002073773406164": 1,
                "49519399740_0.07229930251623617": false,
                "49519436070_0.9418611019894294": false,
                "49519475735_0.9428268094401824": false,
                "49519529748_0.519982170810438": false,
                "49520771123_0.27311479097864666": false,
                "49612315725_0.0667574286485002": false,