{
    "allowClient": false,
    "conditionSwitch": 1,
    "updateMode": false,
    "commands": [
        [
            18,
            "//------------------------------------------------------------------------------------------------------\n// 战斗结束时执行的事件\n//------------------------------------------------------------------------------------------------------",
            {
                "___cmdID": "86769144708_0.1842650345929291"
            }
        ],
        [
            40014,
            {
                "49825113823_0.7745949272019663": 3,
                "49897660694_0.39897478951731946": false,
                "49897660694_0.6399331644068169": 1,
                "49897660694_0.0946225960666689": 1,
                "49897706791_0.8101580703633997": false,
                "49897693777_0.31957312098050794": 21,
                "49897693777_0.39600212789547196": 1,
                "49904671869_0.1506235712026469": [
                    {
                        "materials": [
                            {
                                "id": 10,
                                "mask": "asset/image/picture/rule/00.jpg",
                                "useTrans": true,
                                "time": 0,
                                "trans": "{\"transType\":0,\"loopType\":0,\"timeType\":1,\"timeUnit\":1,\"totalTime\":20,\"tweenType\":11,\"tweenTypeName\":\"strongOut\",\"curveData\":[[0,0,100,99,1,1,1,3],[1,100,0,89.94515539305301,91.66666666666667]],\"refreshInterval\":16}",
                                "vagueness": 0.25,
                                "invertMask": 0,
                                "enable": true,
                                "____timeInfo": {
                                    "trans": 20
                                }
                            }
                        ]
                    }
                ]
            },
            "111300477789_0.8943965494275232"
        ],
        [
            17,
            20,
            0,
            false,
            0,
            {
                "___cmdID": "111300477789_0.2261579116425423"
            }
        ],
        [
            40016,
            {
                "49825113823_0.7745949272019663": 3,
                "49897660694_0.39897478951731946": false,
                "49897660694_0.6399331644068169": 1,
                "49897660694_0.0946225960666689": 1,
                "49897706791_0.8101580703633997": false,
                "49897693777_0.31957312098050794": 1,
                "49897693777_0.39600212789547196": 1,
                "49915942145_0.9199980082052222": 0,
                "49904671869_0.1506235712026469": 10,
                "49915804334_0.6399260914142775": 0
            },
            "111300477789_0.8190155952418812"
        ],
        [
            16,
            15013,
            false,
            {
                "___cmdID": "111300477789_0.9738793655299445"
            }
        ],
        [
            40012,
            {
                "49821564836_0.18023666032094843": 0,
                "49821564836_0.05613902618903355": 1,
                "49821564836_0.6578043100778947": 1,
                "49821564836_0.7286666716958285": 21,
                "49821564836_0.40792780858788147": 1,
                "49821586470_0.8966191069628267": false,
                "49821586470_0.5086891336665356": false
            },
            "111300477789_0.93270923437872"
        ],
        [
            50003,
            null,
            "86702226570_0.58722509332007"
        ],
        [
            50010,
            null,
            "86702226570_0.8612010310332165"
        ],
        [
            -1,
            {
                "___cmdID": "86702222548_0.3426846032006239"
            }
        ]
    ],
    "id": 14023
}