{
    "allowClient": false,
    "conditionSwitch": 1,
    "updateMode": false,
    "commands": [
        [
            11,
            1,
            null,
            "",
            3,
            -3,
            "<span style='color:#FfFffF'>你帮我找回了学生卡？</span>",
            null,
            1,
            0,
            null,
            {
                "id": 1,
                "atts": [],
                "time": 60,
                "transitionMode": null,
                "nonTweenType": 0,
                "mode": 0
            },
            {
                "___cmdID": "210901893559_0.9536390589268002"
            }
        ],
        [
            11,
            1,
            null,
            "",
            3,
            -3,
            "<span style='color:#FfFffF'>你太可爱了！</span>",
            null,
            1,
            0,
            null,
            {
                "id": 1,
                "atts": [],
                "time": 60,
                "transitionMode": null,
                "nonTweenType": 0,
                "mode": 0
            },
            {
                "___cmdID": "210901885514_0.05150017022236297"
            }
        ],
        [
            40001,
            {
                "24538808102_0.9970934946254328": 1,
                "49612012650_0.7509974095572418": 14003,
                "24538808435_0.6230939565765392": "asset/image/picture/FD/EventCG/ero/Temp/OralSexSly/OralSexSly_resized.png",
                "49518385245_0.9308839798952664": 1,
                "49141521249_0.2965750598394892": 0,
                "49519573910_0.08853124862540018": 1,
                "49141521416_0.0884961804795068": 0,
                "49519590084_0.3058131165318816": 1,
                "49150249927_0.6881795527970145": 100,
                "49519636189_0.2521948025226537": 1,
                "49232462793_0.7622411974016037": 1600,
                "49520636693_0.8404154506260593": 14001,
                "49232464582_0.12430969584603324": 900,
                "49520744730_0.6026838995761481": 14002,
                "49232999716_0.2133484967243402": 0,
                "49520812848_0.5734967173507821": 1,
                "49234813142_0.3142568229981375": 1,
                "49520873912_0.5927053372462527": 1,
                "49249262086_0.4763525036126073": false,
                "49233147770_0.6353950190434796": 0,
                "49234859651_0.6035613922030387": 0,
                "49599648354_0.3738368266485066": false,
                "49518248081_0.4367396293869368": true,
                "49599660535_0.0823572381286597": "",
                "49518318443_0.5988810162565685": false,
                "49519399740_0.07229930251623617": false,
                "49519436070_0.9418611019894294": true,
                "49519475735_0.9428268094401824": false,
                "49519529748_0.519982170810438": false,
                "49520771123_0.27311479097864666": false,
                "49611947752_0.41521729946538755": true
            },
            "210914141845_0.49263221132233403"
        ],
        [
            11,
            1,
            null,
            "",
            3,
            -3,
            "<span style='color:#FfFffF'>一张CG，辣妹在帮男主口交，女主在外面。</span>",
            null,
            1,
            0,
            null,
            {
                "id": 1,
                "atts": [],
                "time": 60,
                "transitionMode": null,
                "nonTweenType": 0,
                "mode": 0
            },
            {
                "___cmdID": "210901907057_0.5411846077122195"
            }
        ],
        [
            13,
            4,
            2005,
            0,
            0,
            1,
            1,
            1,
            [
                0,
                100
            ],
            0,
            -1,
            [],
            0,
            0,
            0,
            null,
            null,
            null,
            0,
            0,
            0,
            1,
            1,
            1,
            0,
            {
                "___cmdID": "210902040820_0.2896909979315134"
            }
        ],
        [
            -1,
            {
                "___cmdID": "210901875713_0.8570167789023555"
            }
        ]
    ],
    "id": 14
}