{
    "allowClient": false,
    "conditionSwitch": 1,
    "updateMode": false,
    "commands": [
        [
            40012,
            {
                "49821564836_0.18023666032094843": 0,
                "49821564836_0.05613902618903355": 1,
                "49821564836_0.6578043100778947": 1,
                "49821564836_0.7286666716958285": 26,
                "49821564836_0.40792780858788147": 1,
                "49821586470_0.8966191069628267": false,
                "49821586470_0.5086891336665356": false
            },
            "54084540657_0.5895960617723497"
        ],
        [
            0,
            5,
            0,
            [
                0,
                1,
                1,
                0
            ],
            0,
            0,
            [
                0,
                1,
                1,
                0
            ],
            0,
            [
                1,
                1,
                [
                    0,
                    0,
                    null,
                    1
                ]
            ],
            0,
            0,
            [
                1,
                1
            ],
            "",
            "",
            false,
            null,
            [
                5,
                {
                    "checkType": 0,
                    "uiIDVarID": 0,
                    "uiID": 22,
                    "useVarID": 0,
                    "type": 2,
                    "uiComp": {
                        "uiID": 1
                    }
                },
                [
                    {
                        "57871204508_0.904356098854173": 0,
                        "42668749327_0.5044332572445289": 0,
                        "42662223132_0.13407162179315324": 22,
                        "42668749764_0.405507816846465": 0,
                        "42668805260_0.7826262589690147": 2,
                        "57871484099_0.3561053140619097": {
                            "uiID": 1
                        }
                    }
                ]
            ],
            null,
            null,
            null,
            null,
            0,
            0,
            [
                0,
                {},
                ""
            ],
            [
                0,
                {},
                ""
            ],
            {
                "___cmdID": "54089496761_0.6872856924724036"
            }
        ],
        [
            16,
            15014,
            false,
            {
                "___cmdID": "60161380335_0.1395631307425338"
            }
        ],
        [
            -1,
            {
                "___cmdID": "91138703758_0.7306846641860798"
            }
        ],
        [
            2,
            {
                "___cmdID": "54089497647_0.25907177795765945"
            }
        ],
        [
            -1,
            {
                "___cmdID": "91138703758_0.14951726487892847"
            }
        ]
    ],
    "id": 15025
}