{
    "allowClient": false,
    "conditionSwitch": 1,
    "updateMode": false,
    "commands": [
        [
            40012,
            {
                "49821564836_0.18023666032094843": 0,
                "49821564836_0.05613902618903355": 1,
                "49821564836_0.6578043100778947": 1,
                "49821564836_0.7286666716958285": 24,
                "49821564836_0.40792780858788147": 1,
                "49821586470_0.8966191069628267": false,
                "49821586470_0.5086891336665356": false
            },
            "53461302237_0.6552527366835754"
        ],
        [
            16,
            15014,
            false,
            {
                "___cmdID": "56646531203_0.7767593939585578"
            }
        ],
        [
            -1,
            {
                "___cmdID": "91138686218_0.9369796730994342"
            }
        ]
    ],
    "id": 15019
}