{
    "allowClient": false,
    "conditionSwitch": 1,
    "updateMode": false,
    "commands": [
        [
            11,
            1,
            null,
            "",
            3,
            -3,
            "<span style='color:#FfFffF'>END-辣妹结局</span>",
            null,
            1,
            0,
            null,
            {
                "id": 1,
                "atts": [],
                "time": 60,
                "transitionMode": null,
                "nonTweenType": 0,
                "mode": 0
            },
            {
                "___cmdID": "210903369519_0.4512820220546325"
            }
        ],
        [
            13,
            1,
            15002,
            0,
            0,
            1,
            1,
            1,
            [
                0,
                100
            ],
            0,
            -1,
            [],
            0,
            0,
            0,
            null,
            null,
            null,
            0,
            0,
            0,
            1,
            1,
            1,
            0,
            {
                "___cmdID": "210903606367_0.5108099355612736"
            }
        ],
        [
            50006,
            {
                "42675056477_0.8115553012106289": 0,
                "42676811075_0.2156797379381299": 1,
                "42680258445_0.21446489371550093": false
            },
            "211013710667_0.7442004851278163"
        ],
        [
            17,
            120,
            0,
            false,
            0,
            {
                "___cmdID": "210903369519_0.8194107607799439"
            }
        ],
        [
            50008,
            null,
            "210903369519_0.346622381413094"
        ],
        [
            -1,
            {
                "___cmdID": "210903368612_0.12789607135666015"
            }
        ]
    ],
    "id": 15
}