{
    "allowClient": false,
    "conditionSwitch": 1,
    "updateMode": false,
    "commands": [
        [
            110002,
            {
                "55521548179_0.8999565050086362": 1,
                "111147926185_0.028728397443174902": false,
                "113201251657_0.19422089937535825": false,
                "184670041754_0.6849968181241095": {},
                "184670041754_0.1848629776587345": false,
                "184670057486_0.712445403642618": false,
                "184670057486_0.7717836334526031": {},
                "184671683317_0.3760594780756519": 0,
                "184669824743_0.331243128384636": 4,
                "184669824743_0.9523276252136761": 1,
                "184669824743_0.7197668698009938": 0,
                "184669824743_0.7482644263791263": 1,
                "184669824743_0.9186558634426216": 1,
                "184669824743_0.5534099159106767": 0,
                "184671821624_0.7943228049573094": {}
            },
            "210646625660_0.9110345476288173"
        ],
        [
            13,
            3,
            1001,
            0,
            0,
            0,
            1,
            1,
            [
                0,
                100
            ],
            0,
            -1,
            [],
            0,
            0,
            0,
            null,
            null,
            null,
            0,
            0,
            0,
            1,
            1,
            1,
            0,
            {
                "___cmdID": "210647200900_0.6710958067379169"
            }
        ],
        [
            -1,
            {
                "___cmdID": "210646624966_0.832334310646063"
            }
        ]
    ],
    "id": 3
}