{
    "allowClient": false,
    "conditionSwitch": 1,
    "updateMode": false,
    "commands": [
        [
            110002,
            {
                "55521548179_0.8999565050086362": 0,
                "111147926185_0.028728397443174902": false,
                "113201251657_0.19422089937535825": false,
                "184670041754_0.6849968181241095": {},
                "184670041754_0.1848629776587345": false,
                "184670057486_0.712445403642618": false,
                "184670057486_0.7717836334526031": {},
                "184671683317_0.3760594780756519": 0,
                "184669824743_0.331243128384636": 2,
                "184669824743_0.9523276252136761": 1,
                "184669824743_0.7197668698009938": 0,
                "184669824743_0.7482644263791263": 1,
                "184669824743_0.9186558634426216": 1,
                "184669824743_0.5534099159106767": 0,
                "184671821624_0.7943228049573094": {}
            },
            "210647397316_0.33258080715014904"
        ],
        [
            60005,
            {
                "74577032484_0.13493609495640202": "asset/audio/se/FD/SE_ItemGet1.ogg,1,1",
                "74578579319_0.15291120828407134": 1,
                "91116691228_0.19588751423957396": 1,
                "91116362027_0.0524615397494288": false,
                "74587606222_0.5579985331498136": false,
                "74587987674_0.5977703161602927": false
            },
            "210647397316_0.4510862629152268"
        ],
        [
            11,
            13,
            null,
            "",
            5,
            -3,
            "<span style='color:#FfFffF'>辣妹加入队伍！</span>",
            null,
            1,
            0,
            null,
            {
                "id": 13,
                "atts": [],
                "time": 60,
                "transitionMode": null,
                "nonTweenType": 0,
                "mode": 0
            },
            {
                "___cmdID": "210647397316_0.17001752886376775"
            }
        ],
        [
            13,
            3,
            1002,
            0,
            0,
            1,
            1,
            1,
            [
                0,
                100
            ],
            0,
            -1,
            [],
            0,
            0,
            0,
            null,
            null,
            null,
            0,
            0,
            0,
            1,
            1,
            1,
            0,
            {
                "___cmdID": "210647397316_0.5529611266646983"
            }
        ],
        [
            -1,
            {
                "___cmdID": "210647396270_0.754196452995326"
            }
        ]
    ],
    "id": 5
}