{
    "31870501239_0.5446454449699711": {
        "condition": [],
        "commands": [
            [
                [
                    60005,
                    {
                        "74577032484_0.13493609495640202": "asset/audio/se/menu/Down.mp3,1,1.3",
                        "74578579319_0.15291120828407134": 1,
                        "91116691228_0.19588751423957396": 1,
                        "91116362027_0.0524615397494288": true,
                        "74587606222_0.5579985331498136": false,
                        "74587987674_0.5977703161602927": false
                    },
                    "76368680707_0.841513984719719"
                ],
                [
                    50005,
                    null,
                    "76368667706_0.5334532566854477"
                ],
                [
                    -1,
                    {
                        "___cmdID": "91118171357_0.015767125358136846"
                    }
                ]
            ],
            [],
            [],
            [],
            [],
            [],
            [],
            [],
            [],
            [],
            [],
            []
        ]
    },
    "42254365299_0.44715336593450794": {
        "condition": [],
        "commands": [
            [],
            [],
            [],
            [],
            [],
            [],
            [],
            [],
            [],
            [],
            [],
            []
        ]
    },
    "42588246189_0.3946571868821098": {
        "condition": [],
        "commands": [
            [
                [
                    60005,
                    {
                        "74577032484_0.13493609495640202": "asset/audio/se/menu/Down.mp3,1,1.3",
                        "74578579319_0.15291120828407134": 1,
                        "91116691228_0.19588751423957396": 1,
                        "91116362027_0.0524615397494288": true,
                        "74587606222_0.5579985331498136": false,
                        "74587987674_0.5977703161602927": false
                    },
                    "76368748136_0.10296908191441045"
                ],
                [
                    40010,
                    {
                        "49809728719_0.046619702255007": 0,
                        "24538808102_0.9970934946254328": 1,
                        "49612012650_0.7509974095572418": 1,
                        "24538808435_0.6230939565765392": 2,
                        "49518385245_0.9308839798952664": 1,
                        "50689082740_0.526404642451832": false,
                        "49141521249_0.2965750598394892": 0,
                        "49519573910_0.08853124862540018": 1,
                        "49141521416_0.0884961804795068": 0,
                        "49519590084_0.3058131165318816": 1,
                        "49150249927_0.6881795527970145": 100,
                        "49519636189_0.2521948025226537": 1,
                        "49232462793_0.7622411974016037": 1,
                        "49520636693_0.8404154506260593": 1,
                        "49232464582_0.12430969584603324": 1,
                        "49520744730_0.6026838995761481": 1,
                        "49232999716_0.2133484967243402": 0,
                        "49520812848_0.5734967173507821": 1,
                        "49234813142_0.3142568229981375": 1,
                        "49520873912_0.5927053372462527": 1,
                        "49599648354_0.3738368266485066": false,
                        "49518248081_0.4367396293869368": false,
                        "49599660535_0.0823572381286597": 1,
                        "49518318443_0.5988810162565685": false,
                        "49519399740_0.07229930251623617": false,
                        "49519436070_0.9418611019894294": false,
                        "49519475735_0.9428268094401824": false,
                        "49519529748_0.519982170810438": false,
                        "49520771123_0.27311479097864666": false,
                        "49611947752_0.41521729946538755": false
                    },
                    "51700862960_0.14925697267846383"
                ],
                [
                    -1,
                    {
                        "___cmdID": "91118185090_0.14236039690503755"
                    }
                ]
            ],
            [],
            [],
            [],
            [],
            [],
            [],
            [],
            [],
            [],
            [],
            []
        ]
    },
    "42588260235_0.0513781451358899": {
        "condition": [],
        "commands": [
            [
                [
                    60005,
                    {
                        "74577032484_0.13493609495640202": "asset/audio/se/menu/Down.mp3,1,1.3",
                        "74578579319_0.15291120828407134": 1,
                        "91116691228_0.19588751423957396": 1,
                        "91116362027_0.0524615397494288": true,
                        "74587606222_0.5579985331498136": false,
                        "74587987674_0.5977703161602927": false
                    },
                    "76368755486_0.9779992927001393"
                ],
                [
                    50011,
                    null,
                    "76368754010_0.5416429023635971"
                ],
                [
                    -1,
                    {
                        "___cmdID": "91118281991_0.8779286862345335"
                    }
                ]
            ],
            [],
            [],
            [],
            [],
            [],
            [],
            [],
            [],
            [],
            [],
            []
        ]
    },
    "root": {
        "commands": [
            [],
            [],
            [],
            [
                [
                    60001,
                    {
                        "74577032484_0.13493609495640202": "asset/audio/bgm/Title_SwordOfDream.ogg,1,1",
                        "74578579319_0.15291120828407134": 1,
                        "74577096874_0.3591907761287778": 0,
                        "74578604912_0.9929207213758935": 1,
                        "74578368784_0.14741385337394952": false,
                        "74578437868_0.8072901569041822": false,
                        "74578505525_0.42967771881669203": false
                    },
                    "89378010981_0.04028434183019014",
                    true
                ],
                [
                    10006,
                    {
                        "43116786368_0.23178410671608396": 1,
                        "43117015271_0.2081558338356242": 0,
                        "43116889650_0.018569816468136047": 0,
                        "43117085030_0.4123983693617099": true,
                        "43117219727_0.38599060748568337": false,
                        "43117233536_0.8263175172410291": false,
                        "43117582494_0.7141452782530264": [],
                        "43117822585_0.22839272131408905": [],
                        "43122778565_0.23059761478282237": 1008,
                        "43123033690_0.3095368621419785": true,
                        "43180391950_0.9875223532686348": false,
                        "57603068825_0.9125473096569985": false,
                        "57603068825_0.5581866770833697": ""
                    },
                    "89571370037_0.75293863446332"
                ],
                [
                    -1,
                    {
                        "___cmdID": "89378007846_0.9645064947622093"
                    }
                ]
            ],
            [],
            [],
            [],
            [],
            [],
            [],
            [],
            []
        ]
    },
    "89571242174_0.5683264545155411": {
        "condition": [],