{
    "root": {
        "commands": [
            [],
            [],
            [],
            [],
            [],
            [],
            [],
            [],
            [],
            [],
            [],
            []
        ]
    },
    "107260561517_0.2740550899116656": {
        "condition": [],
        "commands": [
            [],
            [],
            [],
            [],
            [],
            [],
            [],
            [],
            [],
            [],
            [],
            []
        ]
    },
    "107260561519_0.061803202177980854": {
        "condition": [],
        "commands": [
            [],
            [],
            [],
            [],
            [],
            [],
            [],
            [],
            [],
            [],
            [],
            []
        ]
    },
    "107260561519_0.16259376723194574": {
        "condition": [],
        "commands": [
            [],
            [],
            [],
            [],
            [],
            [],
            [],
            [],
            [],
            [],
            [],
            []
        ]
    },
    "107260561522_0.737448868891889": {
        "condition": [],
        "commands": [
            [
                [
                    40013,
                    {
                        "49888868392_0.20897767076252083": [
                            10000001,
                            [
                                30,
                                "{\"transType\":0,\"loopType\":0,\"timeType\":0,\"timeUnit\":1,\"totalTime\":2,\"tweenType\":0,\"tweenTypeName\":\"linearNone\",\"curveData\":[[0,0,0,99,1,1,1,3],[0,100,100]],\"refreshInterval\":16}",
                                {
                                    "uiID": 4,
                                    "atts": {
                                        "107262245537_0.3421977546158286": [
                                            0,
                                            {
                                                "visible": false
                                            },
                                            {
                                                "visible": {}
                                            }
                                        ],
                                        "107244581222_0.39651870504444653": [
                                            0,
                                            {
                                                "visible": false
                                            },
                                            {
                                                "visible": {}
                                            }
                                        ],
                                        "54417331941_0.8276283779602336": [
                                            0,
                                            {
                                                "show": false
                                            },
                                            {
                                                "show": {}
                                            }
                                        ]
                                    }
                                },
                                0,
                                1,
                                0
                            ]
                        ]
                    },
                    "107262530204_0.8954548590491409"
                ],
                [
                    0,
                    5,
                    0,
                    [
                        0,
                        1,
                        1,
                        0
                    ],
                    0,
                    0,
                    [
                        0,
                        1,
                        1,
                        0
                    ],
                    0,
                    [
                        1,
                        1,
                        [
                            0,
                            0,
                            1,
                            1
                        ]
                    ],
                    0,
                    0,
                    [
                        1,
                        1
                    ],
                    "",
                    "",
                    true,
                    null,
                    [
                        5,
                        {
                            "checkType": 0,
                            "uiIDVarID": 1,
                            "uiID": 16,
                            "useVarID": 0,
                            "type": 2,
                            "uiComp": {
                                "uiID": 1
                            }
                        },
                        [
                            {
                                "57871204508_0.904356098854173": 0,
                                "42668749327_0.5044332572445289": 1,
                                "42662223132_0.13407162179315324": 16,
                                "42668749764_0.405507816846465": 0,
                                "42668805260_0.7826262589690147": 2,
                                "57871484099_0.3561053140619097": {
                                    "uiID": 1
                                }
                            }
                        ]
                    ],
                    null,
                    null,
                    null,
                    null,
                    0,
                    0,
                    [
                        0,
                        {},
                        ""
                    ],
                    [
                        0,
                        {},
                        ""
                    ],
                    {
                        "___cmdID": "107286958043_0.2232669473243356"
                    }
                ],
                [
                    10012,
                    {
                        "107244812436_0.8992978873370561": {
                            "uiID": 16,
                            "type": 0,
                            "compName": "actorSkillList",
                            "compID": "52590759681_0.7475995099769142",
                            "attrs": [],
                            "varName": ""
                        }
                    },
                    "107286975600_0.3971951171050827"
                ],
                [
                    -1,
                    {
                        "___cmdID": "107286967876_0.7494931237933131"
                    }
                ],
                [
                    1,
                    {
                        "___cmdID": "107286971145_0.19367313473672"
                    }
                ],
                [
                    10012,
                    {
                        "107244812436_0.8992978873370561": {
                            "uiID": 4,
                            "type": 0,
                            "compName": "list",
                            "compID": "42770315099_0.10461775593199407",
                            "attrs": [],
                            "varName": ""
                        }
                    },