{
    "53100052979_0.991700030241244": {
        "condition": [],
        "commands": [
            [
                [
                    60005,
                    {
                        "74577032484_0.13493609495640202": "asset/audio/se/menu/Disable_1.mp3,1,1",
                        "74578579319_0.15291120828407134": 1,
                        "91116691228_0.19588751423957396": 1,
                        "91116362027_0.0524615397494288": true,
                        "74587606222_0.5579985331498136": false,
                        "74587987674_0.5977703161602927": false
                    },
                    "107538231752_0.24490223467775962"
                ],
                [
                    20,
                    "正式战斗",
                    "// 当前的事件触发器：trigger: CommandTrigger;\nGameBattle.start();",
                    "GameBattle.start();\n",
                    {
                        "___cmdID": "111338413073_0.41461753487324793"
                    }
                ],
                [
                    40012,
                    {
                        "49821564836_0.18023666032094843": 0,
                        "49821564836_0.05613902618903355": 1,
                        "49821564836_0.6578043100778947": 1,
                        "49821564836_0.7286666716958285": 23,
                        "49821564836_0.40792780858788147": 1,
                        "49821586470_0.8966191069628267": false,
                        "49821586470_0.5086891336665356": false
                    },
                    "53105116135_0.4980500560025318"
                ],
                [
                    -1,
                    {
                        "___cmdID": "91138577357_0.9271005558106462"
                    }
                ]
            ],
            [],
            [],
            [],
            [],
            [],
            [],
            [],
            [],
            [],
            [],
            []
        ]
    },
    "53100052979_0.13069032937044578": {
        "condition": [],
        "commands": [
            [
                [
                    13,
                    3,
                    15016,
                    0,
                    3,
                    0,
                    1,
                    1,
                    [
                        0,
                        99
                    ],
                    0,
                    -1,
                    [],
                    0,
                    0,
                    0,
                    {
                        "___cmdID": "61313840320_0.156472574277144"
                    }
                ],
                [
                    0,
                    0,
                    2,
                    [
                        0,
                        1,
                        15016,
                        0
                    ],
                    2,
                    0,
                    [
                        50,
                        1,
                        1,
                        0
                    ],
                    0,
                    [
                        1,
                        1,
                        [
                            0,
                            0
                        ]
                    ],
                    0,
                    0,
                    [
                        1,
                        1
                    ],
                    "",
                    "",
                    true,
                    null,
                    null,
                    null,
                    null,
                    null,
                    null,
                    0,
                    0,
                    [
                        0,
                        {},
                        ""
                    ],
                    [
                        0,
                        {},
                        ""
                    ],
                    {
                        "___cmdID": "61313825171_0.14024069097498804"
                    }
                ],
                [
                    100002,
                    {
                        "53369750499_0.3968928029193861": 3
                    },
                    "107538444597_0.9797735811763728"
                ],
                [
                    40012,
                    {
                        "49821564836_0.18023666032094843": 0,
                        "49821564836_0.05613902618903355": 1,
                        "49821564836_0.6578043100778947": 1,
                        "49821564836_0.7286666716958285": 23,
                        "49821564836_0.40792780858788147": 1,
                        "49821586470_0.8966191069628267": false,
                        "49821586470_0.5086891336665356": false
                    },
                    "148880452599_0.5921559290916449"
                ],
                [
                    -1,
                    {
                        "___cmdID": "91138590740_0.7624817006046938"
                    }
                ],
                [
                    1,
                    {
                        "___cmdID": "61313837027_0.5628726066164136"
                    }
                ],
                [
                    11,
                    13,
                    null,
                    "",
                    3,
                    -3,
                    "<span style='color:#FfFffF'>逃跑失败！</span>",
                    null,
                    1,
                    0,
                    {
                        "___cmdID": "61313857698_0.22821233690073695"
                    }
                ],
                [
                    20,
                    "开始战斗",
                    "// 当前的事件触发器：trigger: CommandTrigger;\nGameBattle.start();",
                    "GameBattle.start();\n",
                    {
                        "___cmdID": "61313880841_0.80382415533257"
                    }
                ],
                [
                    40012,
                    {
                        "49821564836_0.18023666032094843": 0,
                        "49821564836_0.05613902618903355": 1,
                        "49821564836_0.6578043100778947": 1,
                        "49821564836_0.7286666716958285": 23,
                        "49821564836_0.40792780858788147": 1,
                        "49821586470_0.8966191069628267": false,
                        "49821586470_0.5086891336665356": false
                    },
                    "61313880841_0.9572736519447473"
                ],
                [
                    -1,
                    {
                        "___cmdID": "91138590740_0.17938502495252884"
                    }
                ],
                [
                    2,
                    {
                        "___cmdID": "61313833178_0.9076217278967824"
                    }
                ],
                [
                    -1,
                    {
                        "___cmdID": "91138590740_0.22889552464539276"
                    }
                ]
            ],
            [],
            [],
            [],
            [],
            [],
            [],
            [],
            [],
            [],
            [],
            []
        ]
    },
    "root": {
        "commands": [
            [],
            [],
            [],
            [
                [
                    10006,
                    {
                        "43116786368_0.23178410671608396": 23,
                        "43117015271_0.2081558338356242": 0,
                        "43116889650_0.018569816468136047": 0,
                        "43117085030_0.4123983693617099": true,
                        "43117219727_0.38599060748568337": false,
                        "43117233536_0.8263175172410291": false,